temperature_2m_max,temperature_2m_min,apparent_temperature_max,apparent_temperature_min,daylight_duration,sunshine_duration,rain_sum,showers_sum,precipitation_sum,precipitation_hours,wind_speed_10m_max,wind_gusts_10m_max,wind_direction_10m_dominant,status
31.175999,25.476,36.404182,31.015823,45914.703,26179.3,0.0,3.7999997,3.7999997,7.0,15.94601,46.44,222.99167,Rain showers
32.076,25.376,38.857014,31.327366,45920.51,34911.535,0.0,4.4999995,4.4999995,9.0,10.495713,36.36,215.24211,Thunderstorm
33.026,25.726,38.908695,31.966785,45925.492,38933.5,0.0,2.2,2.2,4.0,11.770403,27.359999,271.85953,Thunderstorm
33.676003,25.726,40.82412,32.20296,45929.64,36462.246,0.0,10.6,10.6,18.0,9.346143,22.68,281.16473,Thunderstorm
33.126,25.626,40.59387,31.432034,45932.984,36000.0,0.0,15.700001,15.700001,17.0,7.8954163,16.56,158.92921,Thunderstorm
32.876,25.325998,39.34043,30.615467,45935.527,35012.05,0.0,20.100002,20.300001,17.0,8.4042845,16.56,149.29233,Thunderstorm
32.976,26.175999,40.207783,32.518528,45937.277,39073.53,0.0,5.8,5.8,13.0,9.0645685,20.519999,242.22046,Thunderstorm
32.276,25.476,38.53462,31.318188,45938.242,32920.76,0.0,14.499999,14.499999,20.0,7.628263,19.44,257.4712,Thunderstorm
